{"train/loss_rpn_cls": 0.10640644550323486, "train/loss_rpn_bbox": 0.07004749361425638, "train/loss_cls": 0.43534848153591155, "train/acc": 87.95703125, "train/loss_bbox": 0.41064271837472915, "train/loss": 1.0224451422691345, "train/grad_norm": 1.8856292366981506, "learning_rate": 0.02, "momentum": 0.9, "global_step": 1055, "_runtime": 253, "_timestamp": 1621328056, "_step": 21, "val/bbox_mAP": 0.026, "val/bbox_mAP_50": 0.065, "val/bbox_mAP_75": 0.015, "val/bbox_mAP_s": 0.003, "val/bbox_mAP_m": 0.032, "val/bbox_mAP_l": 0.051}