{"train/loss_rpn_cls": 0.05085365129634738, "train/loss_rpn_bbox": 0.039988794496748595, "train/s0.loss_cls": 0.2807965245842934, "train/s0.acc": 91.2900390625, "train/s0.loss_bbox": 0.1497405274398625, "train/s1.loss_cls": 0.1340175873413682, "train/s1.acc": 91.51577987670899, "train/s1.loss_bbox": 0.13970764484256507, "train/s2.loss_cls": 0.06266191393136979, "train/s2.acc": 91.99895294189453, "train/s2.loss_bbox": 0.07249492395669221, "train/loss": 0.9302615609765053, "train/grad_norm": 2.881712327003479, "learning_rate": 0.002, "momentum": 0.9, "global_step": 6445, "_runtime": 3261, "_timestamp": 1621336054, "_step": 136, "val/bbox_mAP": 0.142, "val/bbox_mAP_50": 0.237, "val/bbox_mAP_75": 0.144, "val/bbox_mAP_s": 0.037, "val/bbox_mAP_m": 0.134, "val/bbox_mAP_l": 0.267}