{"train/loss_rpn_cls": 0.11582332335412503, "train/loss_rpn_bbox": 0.057780197197571395, "train/s0.loss_cls": 0.43715042620897293, "train/s0.acc": 88.5068359375, "train/s0.loss_bbox": 0.20695585131645203, "train/s1.loss_cls": 0.19370968967676164, "train/s1.acc": 89.69131805419921, "train/s1.loss_bbox": 0.16871380165219307, "train/s2.loss_cls": 0.07946522597223521, "train/s2.acc": 91.68275344848632, "train/s2.loss_bbox": 0.07757833298295737, "train/loss": 1.3371768367290497, "train/grad_norm": 3.070412266254425, "learning_rate": 0.02, "momentum": 0.9, "global_step": 755, "_runtime": 387, "_timestamp": 1621339239, "_step": 15, "val/bbox_mAP": 0.04, "val/bbox_mAP_50": 0.077, "val/bbox_mAP_75": 0.039, "val/bbox_mAP_s": 0.005, "val/bbox_mAP_m": 0.039, "val/bbox_mAP_l": 0.088}