{"train/loss_rpn_cls": 0.006213176139426651, "train/loss_rpn_bbox": 0.01569624438881874, "train/s0.loss_cls": 0.06393525237217546, "train/s0.acc": 97.671875, "train/s0.loss_bbox": 0.14937375579029322, "train/s0.loss_mask": 0.13073597989976407, "train/s1.loss_cls": 0.021584770274348557, "train/s1.acc": 98.50335556030274, "train/s1.loss_bbox": 0.06498988205567002, "train/s1.loss_mask": 0.059801956750452516, "train/s2.loss_cls": 0.010860117861884646, "train/s2.acc": 98.49863983154297, "train/s2.loss_bbox": 0.02936481909826398, "train/s2.loss_mask": 0.028556020706892015, "train/loss": 0.5811119762063026, "train/grad_norm": 4.232630763053894, "learning_rate": 1.0000000000000002e-08, "momentum": 0.9, "global_step": 26201, "_runtime": 30172, "_timestamp": 1621421994, "_step": 559, "val/bbox_mAP": 0.313, "val/bbox_mAP_50": 0.419, "val/bbox_mAP_75": 0.323, "val/bbox_mAP_s": 0.058, "val/bbox_mAP_m": 0.279, "val/bbox_mAP_l": 0.527}