{"train/loss_rpn_cls": 0.16657345838844775, "train/loss_rpn_bbox": 0.06927454512566328, "train/s0.loss_cls": 0.4718458178639412, "train/s0.acc": 88.4267578125, "train/s0.loss_bbox": 0.22884168475866318, "train/s1.loss_cls": 0.1860097074508667, "train/s1.acc": 91.04180023193359, "train/s1.loss_bbox": 0.14674367368221283, "train/s2.loss_cls": 0.06304450623691082, "train/s2.acc": 94.52327987670898, "train/s2.loss_bbox": 0.042981707490980625, "train/loss": 1.3753151130676269, "train/grad_norm": 3.089581391811371, "learning_rate": 0.017962040000000002, "momentum": 0.9, "global_step": 450, "_runtime": 199, "_timestamp": 1621337864, "_step": 8}