{"train/loss_rpn_cls": 0.11679006680846214, "train/loss_rpn_bbox": 0.06040364824235439, "train/s0.loss_cls": 0.46097843766212465, "train/s0.acc": 88.265625, "train/s0.loss_bbox": 0.23675083950161935, "train/s1.loss_cls": 0.19459435611963272, "train/s1.acc": 89.93159637451171, "train/s1.loss_bbox": 0.16451492831110953, "train/s2.loss_cls": 0.07345664601773023, "train/s2.acc": 92.71621917724609, "train/s2.loss_bbox": 0.05965469758957624, "train/loss": 1.3671436160802841, "train/grad_norm": 2.77195743560791, "learning_rate": 0.02, "momentum": 0.9, "global_step": 855, "_runtime": 430, "_timestamp": 1621328773, "_step": 17, "val/bbox_mAP": 0.023, "val/bbox_mAP_50": 0.069, "val/bbox_mAP_75": 0.007, "val/bbox_mAP_s": 0.008, "val/bbox_mAP_m": 0.028, "val/bbox_mAP_l": 0.038}