{"train/loss_rpn_cls": 0.023703429365996273, "train/loss_rpn_bbox": 0.023179438151419162, "train/s0.loss_cls": 0.13850949235260487, "train/s0.acc": 95.353515625, "train/s0.loss_bbox": 0.23632535859942436, "train/s0.loss_mask": 0.16748489022254945, "train/s1.loss_cls": 0.060890263617038726, "train/s1.acc": 95.96648834228516, "train/s1.loss_bbox": 0.10780714608728886, "train/s1.loss_mask": 0.0702841629087925, "train/s2.loss_cls": 0.030516336020082236, "train/s2.acc": 95.74431015014649, "train/s2.loss_bbox": 0.04473553229123354, "train/s2.loss_mask": 0.03137041443958879, "train/loss": 0.9348064827919006, "train/grad_norm": 5.7911756801605225, "learning_rate": 1.0000000000000002e-06, "momentum": 0.9, "global_step": 10630, "_runtime": 12138, "_timestamp": 1621479508, "_step": 226, "val/bbox_mAP": 0.318, "val/bbox_mAP_50": 0.441, "val/bbox_mAP_75": 0.325, "val/bbox_mAP_s": 0.066, "val/bbox_mAP_m": 0.285, "val/bbox_mAP_l": 0.554}