{"loss": 0.5190403746759019, "map": 0.31334394216537476, "_runtime": 10686, "_timestamp": 1621110265, "_step": 35}