{"train/loss_rpn_cls": 0.13439723826944827, "train/loss_rpn_bbox": 0.05908043798059225, "train/s0.loss_cls": 0.439629342854023, "train/s0.acc": 89.0087890625, "train/s0.loss_bbox": 0.2040143947303295, "train/s1.loss_cls": 0.18263500168919564, "train/s1.acc": 90.80426681518554, "train/s1.loss_bbox": 0.15187180779874324, "train/s2.loss_cls": 0.0707458095997572, "train/s2.acc": 93.06899887084961, "train/s2.loss_bbox": 0.06157358594238758, "train/loss": 1.30394761800766, "train/grad_norm": 3.2199446296691896, "learning_rate": 0.02, "momentum": 0.9, "global_step": 550, "_runtime": 242, "_timestamp": 1621338738, "_step": 10}