{"train/loss_rpn_cls": 0.006646429542688566, "train/loss_rpn_bbox": 0.013354404516285286, "train/s0.loss_cls": 0.06283789194189011, "train/s0.acc": 97.7490234375, "train/s0.loss_bbox": 0.14261332910507918, "train/s0.loss_mask": 0.13314891815185548, "train/s1.loss_cls": 0.020405306862667203, "train/s1.acc": 98.57403671264649, "train/s1.loss_bbox": 0.06236558124423027, "train/s1.loss_mask": 0.059199499897658825, "train/s2.loss_cls": 0.009489683613646776, "train/s2.acc": 98.66983627319335, "train/s2.loss_bbox": 0.028391897641122342, "train/s2.loss_mask": 0.028034897167235614, "train/loss": 0.5664878341555596, "train/grad_norm": 3.8386153316497804, "learning_rate": 1.0000000000000002e-08, "momentum": 0.9, "global_step": 19651, "_runtime": 22431, "_timestamp": 1621464786, "_step": 419, "val/bbox_mAP": 0.313, "val/bbox_mAP_50": 0.424, "val/bbox_mAP_75": 0.314, "val/bbox_mAP_s": 0.061, "val/bbox_mAP_m": 0.295, "val/bbox_mAP_l": 0.511}