{"train/loss_rpn_cls": 0.1158447066321969, "train/loss_rpn_bbox": 0.05577155048027635, "train/s0.loss_cls": 0.4416868829727173, "train/s0.acc": 89.166015625, "train/s0.loss_bbox": 0.22345228776335715, "train/s1.loss_cls": 0.17325284980237485, "train/s1.acc": 91.3359375, "train/s1.loss_bbox": 0.14500229276716708, "train/s2.loss_cls": 0.06218960661441088, "train/s2.acc": 94.0458984375, "train/s2.loss_bbox": 0.04769991897046566, "train/loss": 1.2649000978469849, "train/grad_norm": 3.0206367063522337, "learning_rate": 0.02, "momentum": 0.9, "global_step": 650, "_runtime": 287, "_timestamp": 1621326757, "_step": 12}