{"train/loss_rpn_cls": 0.12494049146771431, "train/loss_rpn_bbox": 0.0631409883312881, "train/s0.loss_cls": 0.44247103422880174, "train/s0.acc": 88.556640625, "train/s0.loss_bbox": 0.22571405440568923, "train/s1.loss_cls": 0.18490485705435275, "train/s1.acc": 90.55338775634766, "train/s1.loss_bbox": 0.15735937111079693, "train/s2.loss_cls": 0.06853731103241444, "train/s2.acc": 93.29089584350587, "train/s2.loss_bbox": 0.05460161624476314, "train/loss": 1.3216697227954866, "train/grad_norm": 2.441319580078125, "learning_rate": 0.02, "momentum": 0.9, "global_step": 755, "_runtime": 392, "_timestamp": 1621341633, "_step": 15, "val/bbox_mAP": 0.03, "val/bbox_mAP_50": 0.069, "val/bbox_mAP_75": 0.021, "val/bbox_mAP_s": 0.005, "val/bbox_mAP_m": 0.03, "val/bbox_mAP_l": 0.059}