{"loss": 0.3190083326544704, "map": 0.25630560517311096, "_runtime": 10519, "_timestamp": 1621083379, "_step": 35}