{"train/loss_rpn_cls": 0.04327838799916208, "train/loss_rpn_bbox": 0.027752012950368225, "train/s0.loss_cls": 0.29245292872190476, "train/s0.acc": 91.0771484375, "train/s0.loss_bbox": 0.2644832020998001, "train/s0.loss_mask": 0.25252453446388246, "train/s1.loss_cls": 0.14141856275498868, "train/s1.acc": 91.50922332763672, "train/s1.loss_bbox": 0.10768838867545127, "train/s1.loss_mask": 0.10961406879127025, "train/s2.loss_cls": 0.0686281306296587, "train/s2.acc": 91.46062744140625, "train/s2.loss_bbox": 0.041173420771956445, "train/s2.loss_mask": 0.049096482396125796, "train/loss": 1.3981101083755494, "train/grad_norm": 7.314996509552002, "learning_rate": 0.0001, "momentum": 0.9, "global_step": 755, "_runtime": 866, "_timestamp": 1621391219, "_step": 15, "val/bbox_mAP": 0.202, "val/bbox_mAP_50": 0.282, "val/bbox_mAP_75": 0.213, "val/bbox_mAP_s": 0.063, "val/bbox_mAP_m": 0.199, "val/bbox_mAP_l": 0.355}