{"train/loss_cls": 0.5513457548618317, "train/loss_bbox": 0.6839007866382599, "train/loss_dfl": 0.37732401728630066, "train/loss": 1.612570562362671, "train/grad_norm": 5.452796502113342, "learning_rate": 0.0003, "momentum": 0.9, "global_step": 755, "_runtime": 507, "_timestamp": 1621364447, "_step": 15, "val/bbox_mAP": 0.033, "val/bbox_mAP_50": 0.071, "val/bbox_mAP_75": 0.025, "val/bbox_mAP_s": 0.003, "val/bbox_mAP_m": 0.066, "val/bbox_mAP_l": 0.066}