{"train/loss_cls": 0.3702751937508583, "train/loss_bbox": 0.3355386862158775, "train/loss_dfl": 0.2292786294221878, "train/loss": 0.9350925207138061, "train/grad_norm": 3.3775130486488343, "learning_rate": 3.0000000000000005e-06, "momentum": 0.9, "global_step": 26201, "_runtime": 17481, "_timestamp": 1621382055, "_step": 559, "val/bbox_mAP": 0.172, "val/bbox_mAP_50": 0.26, "val/bbox_mAP_75": 0.179, "val/bbox_mAP_s": 0.038, "val/bbox_mAP_m": 0.191, "val/bbox_mAP_l": 0.286}