{"train/loss_rpn_cls": 0.03485087841749191, "train/loss_rpn_bbox": 0.031333618741482494, "train/s0.loss_cls": 0.23846709594130516, "train/s0.acc": 92.0966796875, "train/s0.loss_bbox": 0.13907213144004346, "train/s1.loss_cls": 0.11221376780420542, "train/s1.acc": 92.66214965820312, "train/s1.loss_bbox": 0.13165187068283557, "train/s2.loss_cls": 0.053691112864762545, "train/s2.acc": 92.93800323486329, "train/s2.loss_bbox": 0.07504057221114635, "train/loss": 0.8163210496306419, "train/grad_norm": 4.03329647064209, "learning_rate": 0.00020000000000000004, "momentum": 0.9, "global_step": 26201, "_runtime": 13324, "_timestamp": 1621355093, "_step": 559, "val/bbox_mAP": 0.191, "val/bbox_mAP_50": 0.312, "val/bbox_mAP_75": 0.196, "val/bbox_mAP_s": 0.037, "val/bbox_mAP_m": 0.18, "val/bbox_mAP_l": 0.345}