{"loss": 0.34439959994903424, "map": 0.2793436050415039, "_runtime": 10396, "_timestamp": 1621066088, "_step": 35}